Personality1,Personality2,Relation
ISTJ,ISTJ,Not Bad
ISTJ,ISFJ,Good
ISTJ,INFJ,Not Bad
ISTJ,INTJ,Not Bad
ISTJ,ISTP,Good
ISTJ,ISFP,Not Bad
ISTJ,INFP,Disaster
ISTJ,INTP,Not Bad
ISTJ,ESTP,Perfect
ISTJ,ESFP,Perfect
ISTJ,ENFP,Perfect
ISTJ,ENTP,Disaster
ISTJ,ESTJ,Good
ISTJ,ESFJ,Good
ISTJ,ENFJ,Disaster
ISTJ,ENTJ,Not Bad
ISFJ,ISFJ,OK
ISFJ,INFJ,OK
ISFJ,INTJ,Disaster
ISFJ,ISTP,Not Bad
ISFJ,ISFP,OK
ISFJ,INFP,Good
ISFJ,INTP,Disaster
ISFJ,ESTP,Perfect
ISFJ,ESFP,Perfect
ISFJ,ENFP,Disaster
ISFJ,ENTP,Perfect
ISFJ,ESTJ,Good
ISFJ,ESFJ,Not Bad
ISFJ,ENFJ,Good
ISFJ,ENTJ,Disaster
INFJ,INFJ,Not Bad
INFJ,INTJ,Perfect
INFJ,ISTP,Disaster
INFJ,ISFP,Not Bad
INFJ,INFP,Not Bad
INFJ,INTP,Good
INFJ,ESTP,Perfect
INFJ,ESFP,Disaster
INFJ,ENFP,Perfect
INFJ,ENTP,Perfect
INFJ,ESTJ,Disaster
INFJ,ESFJ,OK
INFJ,ENFJ,Good
INFJ,ENTJ,Not Bad
INTJ,INTJ,OK
INTJ,ISTP,OK
INTJ,ISFP,Disaster
INTJ,INFP,Good
INTJ,INTP,Good
INTJ,ESTP,Good
INTJ,ESFP,Perfect
INTJ,ENFP,Perfect
INTJ,ENTP,Perfect
INTJ,ESTJ,OK
INTJ,ESFJ,Disaster
INTJ,ENFJ,Good
INTJ,ENTJ,Not Bad
ISTP,ISTP,OK
ISTP,ISFP,Good
ISTP,INFP,Disaster
ISTP,INTP,OK
ISTP,ESTP,Good
ISTP,ESFP,OK
ISTP,ENFP,Disaster
ISTP,ENTP,OK
ISTP,ESTJ,Perfect
ISTP,ESFJ,Perfect
ISTP,ENFJ,Perfect
ISTP,ENTJ,OK
ISFP,ISFP,OK
ISFP,INFP,Not Bad
ISFP,INTP,Not Bad
ISFP,ESTP,OK
ISFP,ESFP,OK
ISFP,ENFP,Good
ISFP,ENTP,Disaster
ISFP,ESTJ,Perfect
ISFP,ESFJ,Perfect
ISFP,ENFJ,Not Bad
ISFP,ENTJ,Perfect
INFP,INFP,OK
INFP,INTP,Good
INFP,ESTP,Disaster
INFP,ESFP,Disaster
INFP,ENFP,Perfect
INFP,ENTP,Good
INFP,ESTJ,Perfect
INFP,ESFJ,Disaster
INFP,ENFJ,Perfect
INFP,ENTJ,Perfect
INTP,INTP,OK
INTP,ESTP,Disaster
INTP,ESFP,Disaster
INTP,ENFP,Good
INTP,ENTP,Perfect
INTP,ESTJ,Disaster
INTP,ESFJ,Perfect
INTP,ENFJ,Perfect
INTP,ENTJ,Perfect
ESTP,ESTP,OK
ESTP,ESFP,Good
ESTP,ENFP,OK
ESTP,ENTP,Good
ESTP,ESTJ,Not Bad
ESTP,ESFJ,Not Bad
ESTP,ENFJ,Not Bad
ESTP,ENTJ,OK
ESFP,ESFP,OK
ESFP,ENFP,OK
ESFP,ENTP,OK
ESFP,ESTJ,Not Bad
ESFP,ESFJ,Good
ESFP,ENFJ,OK
ESFP,ENTJ,Not Bad
ENFP,ENFP,OK
ENFP,ENTP,Perfect
ENFP,ESTJ,Disaster
ENFP,ESFJ,Not Bad
ENFP,ENFJ,Good
ENFP,ENTJ,Good
ENTP,ENTP,Not Bad
ENTP,ESTJ,Disaster
ENTP,ESFJ,Disaster
ENTP,ENFJ,Not Bad
ENTP,ENTJ,Good
ESTJ,ESTJ,Not Bad
ESTJ,ESFJ,Not Bad
ESTJ,ENFJ,Disaster
ESTJ,ENTJ,Good
ESFJ,ESFJ,OK
ESFJ,ENFJ,Good
ESFJ,ENTJ,Disaster
ENFJ,ENFJ,OK
ENFJ,ENTJ,Not Bad
ENTJ,ENTJ,Not Bad
