MBTI,Type,Combined %,T %,A %
INFP,Mediator,15.07%,12.08%,2.99%
ENFP,Campaigner,13.47%,8.31%,5.16%
INFJ,Advocate,7.55%,5.67%,1.88%
ENFJ,Protagonist,7.10%,3.71%,3.39%
ISFJ,Defender,7.58%,4.71%,2.87%
INTP,Logician,5.73%,3.60%,2.13%
ISFP,Adventurer,5.15%,3.43%,1.72%
ESFJ,Consul,8.31%,3.27%,5.04%
ESTJ,Executive,3.80%,1.10%,2.70%
ESFP,Entertainer,4.79%,2.32%,2.47%
ENTP,Debater,4.69%,2.27%,2.42%
ISTJ,Logistician,3.56%,1.57%,1.99%
INTJ,Architect,3.26%,1.75%,1.51%
ESTP,Entrepreneur,2.32%,0.83%,1.49%
ISTP,Virtuoso,2.25%,1.12%,1.13%
ENTJ,Commander,2.57%,1.02%,1.55%